{
  "name": "旷野之息 力巴尔",
  "write_counter": 0,
  "version": 0,
  "mii_charinfo_file": "mii-charinfo.bin",
  "first_write_date": {
    "y": 2023,
    "m": 3,
    "d": 15
  },
  "last_write_date": {
    "y": 2023,
    "m": 3,
    "d": 15
  },
  "id": {
    "game_character_id": 2049,
    "character_variant": 0,
    "figure_type": 0,
    "series": 9,
    "model_number": 859
  },
  "uuid": [
    92,
    172,
    111,
    35,
    62,
    190,
    37,
    0,
    0,
    0
  ]
}