{
  "name": "大乱斗 罗伊",
  "write_counter": 0,
  "version": 0,
  "mii_charinfo_file": "mii-charinfo.bin",
  "first_write_date": {
    "y": 2023,
    "m": 6,
    "d": 27
  },
  "last_write_date": {
    "y": 2023,
    "m": 6,
    "d": 27
  },
  "id": {
    "game_character_id": 1057,
    "character_variant": 0,
    "figure_type": 0,
    "series": 0,
    "model_number": 594
  },
  "uuid": [
    51,
    55,
    253,
    195,
    159,
    19,
    208,
    0,
    0,
    0
  ]
}