{
  "name": "罗塔莎",
  "write_counter": 0,
  "version": 0,
  "mii_charinfo_file": "mii-charinfo.bin",
  "first_write_date": {
    "y": 2023,
    "m": 10,
    "d": 23
  },
  "last_write_date": {
    "y": 2023,
    "m": 10,
    "d": 23
  },
  "id": {
    "game_character_id": 1024,
    "character_variant": 0,
    "figure_type": 0,
    "series": 1,
    "model_number": 610
  },
  "uuid": [
    242,
    253,
    152,
    109,
    79,
    169,
    188,
    0,
    0,
    0
  ]
}