{
    "write_counter": 0,
    "first_write_date": {
        "d": 21,
        "y": 2025,
        "m": 7
    },
    "last_write_date": {
        "d": 21,
        "y": 2025,
        "m": 7
    },
    "name": "Dhalsim",
    "use_random_uuid": true,
    "id": {
        "figure_type": 1,
        "series": 29,
        "game_character_id": 51508,
        "model_number": 1204,
        "character_variant": 0
    },
    "mii_charinfo_file": "mii-charinfo.bin",
    "uuid": [
        34,
        244,
        160,
        127,
        20,
        131,
        182,
        0,
        0,
        0
    ],
    "version": 0
}