{
    "write_counter": 0,
    "first_write_date": {
        "d": 21,
        "y": 2025,
        "m": 7
    },
    "last_write_date": {
        "d": 21,
        "y": 2025,
        "m": 7
    },
    "name": "杰米",
    "use_random_uuid": true,
    "id": {
        "figure_type": 0,
        "series": 29,
        "game_character_id": 49972,
        "model_number": 1196,
        "character_variant": 0
    },
    "mii_charinfo_file": "mii-charinfo.bin",
    "uuid": [
        127,
        119,
        166,
        1,
        115,
        67,
        182,
        0,
        0,
        0
    ],
    "version": 0
}