{
  "name": "30周年像素马力欧(经典色)",
  "write_counter": 0,
  "version": 0,
  "mii_charinfo_file": "mii-charinfo.bin",
  "first_write_date": {
    "y": 2023,
    "m": 10,
    "d": 21
  },
  "last_write_date": {
    "y": 2023,
    "m": 10,
    "d": 21
  },
  "id": {
    "game_character_id": 0,
    "character_variant": 0,
    "figure_type": 0,
    "series": 6,
    "model_number": 568
  },
  "uuid": [
    55,
    179,
    24,
    233,
    138,
    54,
    22,
    0,
    0,
    0
  ]
}