{
    "write_counter": 0,
    "first_write_date": {
        "d": 8,
        "y": 2023,
        "m": 11
    },
    "last_write_date": {
        "d": 8,
        "y": 2023,
        "m": 11
    },
    "name": "生存恐惧 E.M.M.I.",
    "use_random_uuid": false,
    "id": {
        "figure_type": 0,
        "series": 19,
        "game_character_id": 50181,
        "model_number": 1043,
        "character_variant": 0
    },
    "mii_charinfo_file": "mii-charinfo.bin",
    "uuid": [
        93,
        197,
        202,
        88,
        154,
        22,
        18,
        0,
        0,
        0
    ],
    "version": 0
}