{
  "name": "旷野之息 乌尔波扎",
  "write_counter": 0,
  "version": 0,
  "mii_charinfo_file": "mii-charinfo.bin",
  "first_write_date": {
    "y": 2023,
    "m": 3,
    "d": 15
  },
  "last_write_date": {
    "y": 2023,
    "m": 3,
    "d": 15
  },
  "id": {
    "game_character_id": 1537,
    "character_variant": 0,
    "figure_type": 0,
    "series": 9,
    "model_number": 857
  },
  "uuid": [
    253,
    161,
    144,
    13,
    114,
    152,
    238,
    0,
    0,
    0
  ]
}