{
    "write_counter": 0,
    "first_write_date": {
        "d": 21,
        "y": 2025,
        "m": 7
    },
    "last_write_date": {
        "d": 21,
        "y": 2025,
        "m": 7
    },
    "name": "丘栗",
    "use_random_uuid": true,
    "id": {
        "figure_type": 0,
        "series": 9,
        "game_character_id": 2817,
        "model_number": 1189,
        "character_variant": 0
    },
    "mii_charinfo_file": "mii-charinfo.bin",
    "uuid": [
        121,
        223,
        33,
        71,
        154,
        106,
        118,
        0,
        0,
        0
    ],
    "version": 0
}