{
  "name": "赛莉卡",
  "write_counter": 0,
  "version": 0,
  "mii_charinfo_file": "mii-charinfo.bin",
  "first_write_date": {
    "y": 2023,
    "m": 6,
    "d": 27
  },
  "last_write_date": {
    "y": 2023,
    "m": 6,
    "d": 27
  },
  "id": {
    "game_character_id": 1825,
    "character_variant": 0,
    "figure_type": 0,
    "series": 18,
    "model_number": 865
  },
  "uuid": [
    201,
    146,
    224,
    96,
    165,
    207,
    94,
    0,
    0,
    0
  ]
}