[
  {"name": "0%", "value": "0"},
  {"name": "5%", "value": "13"},
  {"name": "10%", "value": "26"},
  {"name": "15%", "value": "38"},
  {"name": "20%", "value": "51"},
  {"name": "25%", "value": "64"},
  {"name": "30%", "value": "77"},
  {"name": "35%", "value": "89"},
  {"name": "40%", "value": "102"},
  {"name": "45%", "value": "115"},
  {"name": "50%", "value": "128"},
  {"name": "55%", "value": "140"},
  {"name": "60%", "value": "153"},
  {"name": "65%", "value": "166"},
  {"name": "70%", "value": "179"},
  {"name": "75%", "value": "191"},
  {"name": "80%", "value": "204"},
  {"name": "85%", "value": "217"},
  {"name": "90%", "value": "230"},
  {"name": "95%", "value": "243"},
  {"name": "100%", "value": "255"}
]