{
  "name": "盒子男孩&Qbby",
  "write_counter": 0,
  "version": 0,
  "mii_charinfo_file": "mii-charinfo.bin",
  "first_write_date": {
    "y": 2023,
    "m": 6,
    "d": 3
  },
  "last_write_date": {
    "y": 2023,
    "m": 6,
    "d": 3
  },
  "id": {
    "game_character_id": 16415,
    "character_variant": 0,
    "figure_type": 0,
    "series": 16,
    "model_number": 862
  },
  "uuid": [
    147,
    14,
    76,
    93,
    66,
    185,
    197,
    0,
    0,
    0
  ]
}