{
  "name": "害羞幽灵",
  "write_counter": 0,
  "version": 0,
  "mii_charinfo_file": "mii-charinfo.bin",
  "first_write_date": {
    "y": 2023,
    "m": 10,
    "d": 23
  },
  "last_write_date": {
    "y": 2023,
    "m": 10,
    "d": 23
  },
  "id": {
    "game_character_id": 5888,
    "character_variant": 0,
    "figure_type": 0,
    "series": 1,
    "model_number": 616
  },
  "uuid": [
    69,
    198,
    222,
    89,
    213,
    37,
    143,
    0,
    0,
    0
  ]
}