{
  "name": "大乱斗 露琪娜",
  "write_counter": 0,
  "version": 0,
  "mii_charinfo_file": "mii-charinfo.bin",
  "first_write_date": {
    "y": 2023,
    "m": 6,
    "d": 27
  },
  "last_write_date": {
    "y": 2023,
    "m": 6,
    "d": 27
  },
  "id": {
    "game_character_id": 545,
    "character_variant": 0,
    "figure_type": 0,
    "series": 0,
    "model_number": 41
  },
  "uuid": [
    150,
    178,
    178,
    46,
    160,
    57,
    145,
    0,
    0,
    0
  ]
}