{
  "name": "瓦路易吉",
  "write_counter": 0,
  "version": 0,
  "mii_charinfo_file": "mii-charinfo.bin",
  "first_write_date": {
    "y": 2023,
    "m": 10,
    "d": 23
  },
  "last_write_date": {
    "y": 2023,
    "m": 10,
    "d": 23
  },
  "id": {
    "game_character_id": 5120,
    "character_variant": 0,
    "figure_type": 0,
    "series": 1,
    "model_number": 615
  },
  "uuid": [
    34,
    39,
    253,
    206,
    106,
    191,
    157,
    0,
    0,
    0
  ]
}