{
  "name": "焰",
  "write_counter": 0,
  "version": 0,
  "mii_charinfo_file": "mii-charinfo.bin",
  "first_write_date": {
    "y": 2023,
    "m": 7,
    "d": 23
  },
  "last_write_date": {
    "y": 2023,
    "m": 7,
    "d": 23
  },
  "id": {
    "game_character_id": 16674,
    "character_variant": 0,
    "figure_type": 0,
    "series": 0,
    "model_number": 1054
  },
  "uuid": [
    105,
    231,
    236,
    164,
    183,
    47,
    33,
    0,
    0,
    0
  ]
}