{
  "name": "森喜刚",
  "write_counter": 0,
  "version": 0,
  "mii_charinfo_file": "mii-charinfo.bin",
  "first_write_date": {
    "y": 2023,
    "m": 10,
    "d": 23
  },
  "last_write_date": {
    "y": 2023,
    "m": 10,
    "d": 23
  },
  "id": {
    "game_character_id": 2048,
    "character_variant": 0,
    "figure_type": 0,
    "series": 1,
    "model_number": 612
  },
  "uuid": [
    21,
    55,
    157,
    76,
    119,
    8,
    38,
    0,
    0,
    0
  ]
}