{
  "name": "桃花公主",
  "write_counter": 0,
  "version": 0,
  "mii_charinfo_file": "mii-charinfo.bin",
  "first_write_date": {
    "y": 2023,
    "m": 10,
    "d": 22
  },
  "last_write_date": {
    "y": 2023,
    "m": 10,
    "d": 22
  },
  "id": {
    "game_character_id": 512,
    "character_variant": 0,
    "figure_type": 0,
    "series": 1,
    "model_number": 54
  },
  "uuid": [
    90,
    106,
    157,
    155,
    129,
    40,
    9,
    0,
    0,
    0
  ]
}