{
  "name": "大乱斗 路易吉",
  "write_counter": 0,
  "version": 0,
  "mii_charinfo_file": "mii-charinfo.bin",
  "first_write_date": {
    "y": 2023,
    "m": 10,
    "d": 21
  },
  "last_write_date": {
    "y": 2023,
    "m": 10,
    "d": 21
  },
  "id": {
    "game_character_id": 256,
    "character_variant": 0,
    "figure_type": 0,
    "series": 0,
    "model_number": 12
  },
  "uuid": [
    18,
    136,
    17,
    118,
    252,
    153,
    252,
    0,
    0,
    0
  ]
}