{
    "write_counter": 0,
    "first_write_date": {
        "d": 21,
        "y": 2025,
        "m": 7
    },
    "last_write_date": {
        "d": 21,
        "y": 2025,
        "m": 7
    },
    "name": "阿沅",
    "use_random_uuid": true,
    "id": {
        "figure_type": 0,
        "series": 9,
        "game_character_id": 3073,
        "model_number": 1190,
        "character_variant": 0
    },
    "mii_charinfo_file": "mii-charinfo.bin",
    "uuid": [
        238,
        251,
        40,
        103,
        219,
        111,
        107,
        0,
        0,
        0
    ],
    "version": 0
}