{
  "name": "塞尔达 & 洛夫特飞鸟",
  "write_counter": 0,
  "version": 0,
  "mii_charinfo_file": "mii-charinfo.bin",
  "first_write_date": {
    "y": 2023,
    "m": 5,
    "d": 3
  },
  "last_write_date": {
    "y": 2023,
    "m": 5,
    "d": 3
  },
  "id": {
    "game_character_id": 257,
    "character_variant": 3,
    "figure_type": 0,
    "series": 9,
    "model_number": 1044
  },
  "uuid": [
    181,
    77,
    141,
    78,
    154,
    185,
    167,
    0,
    0,
    0
  ]
}