{
  "name": "菊花公主",
  "write_counter": 0,
  "version": 0,
  "mii_charinfo_file": "mii-charinfo.bin",
  "first_write_date": {
    "y": 2023,
    "m": 10,
    "d": 23
  },
  "last_write_date": {
    "y": 2023,
    "m": 10,
    "d": 23
  },
  "id": {
    "game_character_id": 4864,
    "character_variant": 0,
    "figure_type": 0,
    "series": 1,
    "model_number": 614
  },
  "uuid": [
    246,
    199,
    164,
    225,
    198,
    168,
    141,
    0,
    0,
    0
  ]
}