{
    "write_counter": 0,
    "first_write_date": {
        "d": 21,
        "y": 2025,
        "m": 7
    },
    "last_write_date": {
        "d": 21,
        "y": 2025,
        "m": 7
    },
    "name": "Lily",
    "use_random_uuid": true,
    "id": {
        "figure_type": 1,
        "series": 29,
        "game_character_id": 53300,
        "model_number": 1211,
        "character_variant": 0
    },
    "mii_charinfo_file": "mii-charinfo.bin",
    "uuid": [
        254,
        217,
        84,
        189,
        29,
        71,
        7,
        0,
        0,
        0
    ],
    "version": 0
}