{
  "name": "毛线 耀西(大号)",
  "write_counter": 0,
  "version": 0,
  "mii_charinfo_file": "mii-charinfo.bin",
  "first_write_date": {
    "y": 2023,
    "m": 10,
    "d": 22
  },
  "last_write_date": {
    "y": 2023,
    "m": 10,
    "d": 22
  },
  "id": {
    "game_character_id": 768,
    "character_variant": 1,
    "figure_type": 2,
    "series": 3,
    "model_number": 574
  },
  "uuid": [
    12,
    95,
    200,
    36,
    218,
    237,
    253,
    0,
    0,
    0
  ]
}