{
    "write_counter": 0,
    "first_write_date": {
        "d": 8,
        "y": 2023,
        "m": 11
    },
    "last_write_date": {
        "d": 8,
        "y": 2023,
        "m": 11
    },
    "name": "利德雷",
    "use_random_uuid": false,
    "id": {
        "figure_type": 0,
        "series": 0,
        "game_character_id": 49669,
        "model_number": 895,
        "character_variant": 0
    },
    "mii_charinfo_file": "mii-charinfo.bin",
    "uuid": [
        87,
        155,
        7,
        188,
        135,
        62,
        6,
        0,
        0,
        0
    ],
    "version": 0
}