{
  "name": "毛线 耀西(蓝色)",
  "write_counter": 0,
  "version": 0,
  "mii_charinfo_file": "mii-charinfo.bin",
  "first_write_date": {
    "y": 2023,
    "m": 10,
    "d": 22
  },
  "last_write_date": {
    "y": 2023,
    "m": 10,
    "d": 22
  },
  "id": {
    "game_character_id": 768,
    "character_variant": 1,
    "figure_type": 2,
    "series": 3,
    "model_number": 67
  },
  "uuid": [
    248,
    29,
    202,
    185,
    52,
    138,
    73,
    0,
    0,
    0
  ]
}