{
  "name": "帝帝帝大王",
  "write_counter": 0,
  "version": 0,
  "mii_charinfo_file": "mii-charinfo.bin",
  "first_write_date": {
    "y": 2023,
    "m": 6,
    "d": 3
  },
  "last_write_date": {
    "y": 2023,
    "m": 6,
    "d": 3
  },
  "id": {
    "game_character_id": 543,
    "character_variant": 0,
    "figure_type": 0,
    "series": 12,
    "model_number": 598
  },
  "uuid": [
    105,
    188,
    113,
    28,
    220,
    133,
    140,
    0,
    0,
    0
  ]
}