{
  "name": "库霸王",
  "write_counter": 0,
  "version": 0,
  "mii_charinfo_file": "mii-charinfo.bin",
  "first_write_date": {
    "y": 2023,
    "m": 10,
    "d": 22
  },
  "last_write_date": {
    "y": 2023,
    "m": 10,
    "d": 22
  },
  "id": {
    "game_character_id": 1280,
    "character_variant": 0,
    "figure_type": 0,
    "series": 1,
    "model_number": 57
  },
  "uuid": [
    140,
    167,
    18,
    248,
    204,
    67,
    246,
    0,
    0,
    0
  ]
}