{
  "name": "奥德赛 礼服马力欧",
  "write_counter": 0,
  "version": 0,
  "mii_charinfo_file": "mii-charinfo.bin",
  "first_write_date": {
    "y": 2023,
    "m": 10,
    "d": 21
  },
  "last_write_date": {
    "y": 2023,
    "m": 10,
    "d": 21
  },
  "id": {
    "game_character_id": 0,
    "character_variant": 0,
    "figure_type": 0,
    "series": 1,
    "model_number": 881
  },
  "uuid": [
    61,
    47,
    111,
    87,
    222,
    76,
    224,
    0,
    0,
    0
  ]
}