{
    "write_counter": 0,
    "first_write_date": {
        "d": 8,
        "y": 2023,
        "m": 11
    },
    "last_write_date": {
        "d": 8,
        "y": 2023,
        "m": 11
    },
    "name": "生存恐惧 萨姆斯",
    "use_random_uuid": false,
    "id": {
        "figure_type": 0,
        "series": 19,
        "game_character_id": 49157,
        "model_number": 1042,
        "character_variant": 0
    },
    "mii_charinfo_file": "mii-charinfo.bin",
    "uuid": [
        188,
        29,
        168,
        84,
        172,
        233,
        17,
        0,
        0,
        0
    ],
    "version": 0
}