{
  "name": "大乱斗 希克",
  "write_counter": 0,
  "version": 0,
  "mii_charinfo_file": "mii-charinfo.bin",
  "first_write_date": {
    "y": 2023,
    "m": 3,
    "d": 15
  },
  "last_write_date": {
    "y": 2023,
    "m": 3,
    "d": 15
  },
  "id": {
    "game_character_id": 257,
    "character_variant": 1,
    "figure_type": 0,
    "series": 0,
    "model_number": 23
  },
  "uuid": [
    150,
    136,
    74,
    30,
    129,
    94,
    148,
    0,
    0,
    0
  ]
}