{
  "name": "大乱斗 小库霸王",
  "write_counter": 0,
  "version": 0,
  "mii_charinfo_file": "mii-charinfo.bin",
  "first_write_date": {
    "y": 2023,
    "m": 10,
    "d": 23
  },
  "last_write_date": {
    "y": 2023,
    "m": 10,
    "d": 23
  },
  "id": {
    "game_character_id": 1536,
    "character_variant": 0,
    "figure_type": 0,
    "series": 0,
    "model_number": 21
  },
  "uuid": [
    130,
    57,
    139,
    16,
    53,
    34,
    133,
    0,
    0,
    0
  ]
}