{
  "name": "大乱斗 加侬多夫",
  "write_counter": 0,
  "version": 0,
  "mii_charinfo_file": "mii-charinfo.bin",
  "first_write_date": {
    "y": 2023,
    "m": 3,
    "d": 15
  },
  "last_write_date": {
    "y": 2023,
    "m": 3,
    "d": 15
  },
  "id": {
    "game_character_id": 513,
    "character_variant": 1,
    "figure_type": 0,
    "series": 0,
    "model_number": 27
  },
  "uuid": [
    173,
    167,
    163,
    96,
    181,
    81,
    49,
    0,
    0,
    0
  ]
}