{
    "write_counter": 0,
    "first_write_date": {
        "d": 8,
        "y": 2023,
        "m": 11
    },
    "last_write_date": {
        "d": 8,
        "y": 2023,
        "m": 11
    },
    "name": "修尔克",
    "use_random_uuid": false,
    "id": {
        "figure_type": 0,
        "series": 0,
        "game_character_id": 16418,
        "model_number": 43,
        "character_variant": 0
    },
    "mii_charinfo_file": "mii-charinfo.bin",
    "uuid": [
        156,
        249,
        192,
        41,
        174,
        201,
        157,
        0,
        0,
        0
    ],
    "version": 0
}