{
  "name": "卡比",
  "write_counter": 0,
  "version": 0,
  "mii_charinfo_file": "mii-charinfo.bin",
  "first_write_date": {
    "y": 2023,
    "m": 6,
    "d": 3
  },
  "last_write_date": {
    "y": 2023,
    "m": 6,
    "d": 3
  },
  "id": {
    "game_character_id": 31,
    "character_variant": 0,
    "figure_type": 0,
    "series": 12,
    "model_number": 596
  },
  "uuid": [
    81,
    209,
    237,
    115,
    32,
    255,
    2,
    0,
    0,
    0
  ]
}