{
    "write_counter": 0,
    "first_write_date": {
        "d": 21,
        "y": 2025,
        "m": 7
    },
    "last_write_date": {
        "d": 21,
        "y": 2025,
        "m": 7
    },
    "name": "卢克",
    "use_random_uuid": true,
    "id": {
        "figure_type": 0,
        "series": 29,
        "game_character_id": 49716,
        "model_number": 1194,
        "character_variant": 0
    },
    "mii_charinfo_file": "mii-charinfo.bin",
    "uuid": [
        24,
        171,
        17,
        200,
        243,
        180,
        176,
        0,
        0,
        0
    ],
    "version": 0
}