{
    "write_counter": 0,
    "first_write_date": {
        "d": 21,
        "y": 2025,
        "m": 7
    },
    "last_write_date": {
        "d": 21,
        "y": 2025,
        "m": 7
    },
    "name": "金柏莉",
    "use_random_uuid": true,
    "id": {
        "figure_type": 0,
        "series": 29,
        "game_character_id": 50228,
        "model_number": 1198,
        "character_variant": 0
    },
    "mii_charinfo_file": "mii-charinfo.bin",
    "uuid": [
        195,
        109,
        32,
        196,
        153,
        28,
        27,
        0,
        0,
        0
    ],
    "version": 0
}