{
  "name": "旷野之息 波克布林",
  "write_counter": 0,
  "version": 0,
  "mii_charinfo_file": "mii-charinfo.bin",
  "first_write_date": {
    "y": 2023,
    "m": 3,
    "d": 15
  },
  "last_write_date": {
    "y": 2023,
    "m": 3,
    "d": 15
  },
  "id": {
    "game_character_id": 16641,
    "character_variant": 0,
    "figure_type": 0,
    "series": 9,
    "model_number": 860
  },
  "uuid": [
    51,
    254,
    23,
    229,
    29,
    167,
    66,
    0,
    0,
    0
  ]
}