{
  "name": "旷野之息 米法",
  "write_counter": 0,
  "version": 0,
  "mii_charinfo_file": "mii-charinfo.bin",
  "first_write_date": {
    "y": 2023,
    "m": 3,
    "d": 15
  },
  "last_write_date": {
    "y": 2023,
    "m": 3,
    "d": 15
  },
  "id": {
    "game_character_id": 1793,
    "character_variant": 0,
    "figure_type": 0,
    "series": 9,
    "model_number": 858
  },
  "uuid": [
    32,
    180,
    77,
    178,
    253,
    54,
    148,
    0,
    0,
    0
  ]
}