{
  "name": "大乱斗 鲁弗莱",
  "write_counter": 0,
  "version": 0,
  "mii_charinfo_file": "mii-charinfo.bin",
  "first_write_date": {
    "y": 2023,
    "m": 6,
    "d": 27
  },
  "last_write_date": {
    "y": 2023,
    "m": 6,
    "d": 27
  },
  "id": {
    "game_character_id": 801,
    "character_variant": 0,
    "figure_type": 0,
    "series": 0,
    "model_number": 42
  },
  "uuid": [
    80,
    176,
    64,
    23,
    108,
    106,
    23,
    0,
    0,
    0
  ]
}