{
  "name": "旷野之息 弓箭林克",
  "write_counter": 0,
  "version": 0,
  "mii_charinfo_file": "mii-charinfo.bin",
  "first_write_date": {
    "y": 2023,
    "m": 3,
    "d": 15
  },
  "last_write_date": {
    "y": 2023,
    "m": 3,
    "d": 15
  },
  "id": {
    "game_character_id": 1,
    "character_variant": 0,
    "figure_type": 0,
    "series": 9,
    "model_number": 851
  },
  "uuid": [
    115,
    117,
    201,
    221,
    74,
    129,
    32,
    0,
    0,
    0
  ]
}