{
  "name": "狄狄刚",
  "write_counter": 0,
  "version": 0,
  "mii_charinfo_file": "mii-charinfo.bin",
  "first_write_date": {
    "y": 2023,
    "m": 10,
    "d": 21
  },
  "last_write_date": {
    "y": 2023,
    "m": 10,
    "d": 21
  },
  "id": {
    "game_character_id": 2304,
    "character_variant": 0,
    "figure_type": 0,
    "series": 1,
    "model_number": 613
  },
  "uuid": [
    241,
    144,
    5,
    7,
    74,
    128,
    74,
    0,
    0,
    0
  ]
}