{
    "write_counter": 0,
    "first_write_date": {
        "d": 8,
        "y": 2023,
        "m": 11
    },
    "last_write_date": {
        "d": 8,
        "y": 2023,
        "m": 11
    },
    "name": "萨姆斯",
    "use_random_uuid": false,
    "id": {
        "figure_type": 0,
        "series": 0,
        "game_character_id": 49157,
        "model_number": 6,
        "character_variant": 0
    },
    "mii_charinfo_file": "mii-charinfo.bin",
    "uuid": [
        134,
        200,
        199,
        99,
        120,
        6,
        104,
        0,
        0,
        0
    ],
    "version": 0
}