{
  "name": "瓦路易吉",
  "write_counter": 0,
  "version": 0,
  "mii_charinfo_file": "mii-charinfo.bin",
  "first_write_date": {
    "y": 2023,
    "m": 10,
    "d": 21
  },
  "last_write_date": {
    "y": 2023,
    "m": 10,
    "d": 21
  },
  "id": {
    "game_character_id": 5120,
    "character_variant": 0,
    "figure_type": 0,
    "series": 1,
    "model_number": 615
  },
  "uuid": [
    224,
    171,
    223,
    236,
    172,
    114,
    40,
    0,
    0,
    0
  ]
}