{
  "name": "大乱斗 林克",
  "write_counter": 0,
  "version": 0,
  "mii_charinfo_file": "mii-charinfo.bin",
  "first_write_date": {
    "y": 2023,
    "m": 10,
    "d": 22
  },
  "last_write_date": {
    "y": 2023,
    "m": 10,
    "d": 22
  },
  "id": {
    "game_character_id": 1,
    "character_variant": 0,
    "figure_type": 0,
    "series": 0,
    "model_number": 4
  },
  "uuid": [
    185,
    71,
    214,
    32,
    178,
    179,
    87,
    0,
    0,
    0
  ]
}