{
  "name": "奥德赛 礼服库巴",
  "write_counter": 0,
  "version": 0,
  "mii_charinfo_file": "mii-charinfo.bin",
  "first_write_date": {
    "y": 2023,
    "m": 10,
    "d": 21
  },
  "last_write_date": {
    "y": 2023,
    "m": 10,
    "d": 21
  },
  "id": {
    "game_character_id": 1280,
    "character_variant": 0,
    "figure_type": 0,
    "series": 1,
    "model_number": 883
  },
  "uuid": [
    149,
    131,
    53,
    221,
    16,
    51,
    94,
    0,
    0,
    0
  ]
}