{
  "name": "王国之泪 加侬多夫",
  "write_counter": 0,
  "version": 0,
  "mii_charinfo_file": "mii-charinfo.bin",
  "first_write_date": {
    "y": 2023,
    "m": 11,
    "d": 7
  },
  "last_write_date": {
    "y": 2023,
    "m": 11,
    "d": 7
  },
  "id": {
    "game_character_id": 513,
    "character_variant": 1,
    "figure_type": 0,
    "series": 9,
    "model_number": 1050
  },
  "uuid": [
    188,
    69,
    41,
    171,
    102,
    209,
    18,
    0,
    0,
    0
  ]
}