{
  "name": "奥德赛 礼服桃花公主",
  "write_counter": 0,
  "version": 0,
  "mii_charinfo_file": "mii-charinfo.bin",
  "first_write_date": {
    "y": 2023,
    "m": 10,
    "d": 21
  },
  "last_write_date": {
    "y": 2023,
    "m": 10,
    "d": 21
  },
  "id": {
    "game_character_id": 512,
    "character_variant": 0,
    "figure_type": 0,
    "series": 1,
    "model_number": 882
  },
  "uuid": [
    52,
    231,
    45,
    158,
    111,
    212,
    22,
    0,
    0,
    0
  ]
}