{
    "write_counter": 0,
    "first_write_date": {
        "d": 8,
        "y": 2023,
        "m": 11
    },
    "last_write_date": {
        "d": 8,
        "y": 2023,
        "m": 11
    },
    "name": "密特罗德",
    "use_random_uuid": false,
    "id": {
        "figure_type": 0,
        "series": 19,
        "game_character_id": 49413,
        "model_number": 870,
        "character_variant": 0
    },
    "mii_charinfo_file": "mii-charinfo.bin",
    "uuid": [
        145,
        189,
        84,
        78,
        83,
        83,
        149,
        0,
        0,
        0
    ],
    "version": 0
}