{
  "name": "狄狄刚",
  "write_counter": 0,
  "version": 0,
  "mii_charinfo_file": "mii-charinfo.bin",
  "first_write_date": {
    "y": 2023,
    "m": 10,
    "d": 23
  },
  "last_write_date": {
    "y": 2023,
    "m": 10,
    "d": 23
  },
  "id": {
    "game_character_id": 2304,
    "character_variant": 0,
    "figure_type": 0,
    "series": 1,
    "model_number": 613
  },
  "uuid": [
    85,
    208,
    120,
    103,
    132,
    25,
    239,
    0,
    0,
    0
  ]
}