{
    "write_counter": 0,
    "first_write_date": {
        "d": 21,
        "y": 2025,
        "m": 7
    },
    "last_write_date": {
        "d": 21,
        "y": 2025,
        "m": 7
    },
    "name": "Zangief",
    "use_random_uuid": true,
    "id": {
        "figure_type": 1,
        "series": 29,
        "game_character_id": 53044,
        "model_number": 1210,
        "character_variant": 0
    },
    "mii_charinfo_file": "mii-charinfo.bin",
    "uuid": [
        223,
        216,
        84,
        199,
        193,
        134,
        171,
        0,
        0,
        0
    ],
    "version": 0
}