{
  "name": "栗宝宝",
  "write_counter": 0,
  "version": 0,
  "mii_charinfo_file": "mii-charinfo.bin",
  "first_write_date": {
    "y": 2023,
    "m": 10,
    "d": 23
  },
  "last_write_date": {
    "y": 2023,
    "m": 10,
    "d": 23
  },
  "id": {
    "game_character_id": 5376,
    "character_variant": 0,
    "figure_type": 0,
    "series": 1,
    "model_number": 871
  },
  "uuid": [
    2,
    232,
    253,
    21,
    34,
    191,
    42,
    0,
    0,
    0
  ]
}