{
  "name": "大乱斗 塞尔达",
  "write_counter": 0,
  "version": 0,
  "mii_charinfo_file": "mii-charinfo.bin",
  "first_write_date": {
    "y": 2023,
    "m": 3,
    "d": 15
  },
  "last_write_date": {
    "y": 2023,
    "m": 3,
    "d": 15
  },
  "id": {
    "game_character_id": 257,
    "character_variant": 0,
    "figure_type": 0,
    "series": 0,
    "model_number": 14
  },
  "uuid": [
    146,
    50,
    60,
    222,
    193,
    207,
    200,
    0,
    0,
    0
  ]
}