{
  "name": "旷野之息 守护者",
  "write_counter": 0,
  "version": 0,
  "mii_charinfo_file": "mii-charinfo.bin",
  "first_write_date": {
    "y": 2023,
    "m": 3,
    "d": 15
  },
  "last_write_date": {
    "y": 2023,
    "m": 3,
    "d": 15
  },
  "id": {
    "game_character_id": 16385,
    "character_variant": 0,
    "figure_type": 0,
    "series": 9,
    "model_number": 853
  },
  "uuid": [
    134,
    106,
    196,
    105,
    62,
    196,
    159,
    0,
    0,
    0
  ]
}