{
  "name": "旷野之息 达尔克尔",
  "write_counter": 0,
  "version": 0,
  "mii_charinfo_file": "mii-charinfo.bin",
  "first_write_date": {
    "y": 2023,
    "m": 3,
    "d": 15
  },
  "last_write_date": {
    "y": 2023,
    "m": 3,
    "d": 15
  },
  "id": {
    "game_character_id": 1281,
    "character_variant": 0,
    "figure_type": 0,
    "series": 9,
    "model_number": 856
  },
  "uuid": [
    92,
    144,
    220,
    208,
    79,
    65,
    133,
    0,
    0,
    0
  ]
}