[  {
    "name": "超静音 - 默认超静音",
	"label": "超静音",
	"D36value": "0", 
	"D40value": "38",
	"D47value": "64",
	"D50value": "89",
	"D54value": "128",
	"D58value": "179",
	"H33value": "0",
	"H36value": "13",
	"H43value": "38",
	"H47value": "64",
	"H50value": "77",
	"H54value": "115",
	"path": "switch/.packages/about/package/fan/out/A.ini"
  },
  {
    "name": "凉爽风扇 - 风扇策略",
	"label": "凉爽风扇",
	"D36value": "0",
	"D40value": "26",
	"D47value": "64",
	"D50value": "89",
	"D54value": "128",
	"D58value": "179",
	"H33value": "0",
	"H36value": "26",
	"H43value": "64",
	"H47value": "89",
	"H50value": "128",
	"H54value": "179",
	"path": "switch/.packages/about/package/fan/out/B.ini"
  },
  {
    "name": "狂暴风扇 - 风扇策略",
	"label": "狂暴风扇",
	"D36value": "26",
	"D40value": "38",
	"D47value": "77",
	"D50value": "102",
	"D54value": "140",
	"D58value": "217",
	"H33value": "26",
	"H36value": "38",
	"H43value": "77",
	"H47value": "102",
	"H50value": "140",
	"H54value": "217",
	"path": "switch/.packages/about/package/fan/out/C.ini"
  },
  {
    "name": "4IFIR - 风扇策略",
	"label": "4IFIR",
	"D36value": "0",
	"D40value": "51",
	"D47value": "64",
	"D50value": "89",
	"D54value": "115",
	"D58value": "255",
	"H33value": "0",
	"H36value": "0",
	"H43value": "51",
	"H47value": "64",
	"H50value": "89",
	"H54value": "115",
	"path": "switch/.packages/about/package/fan/out/D.ini"
  },
  {
    "name": "Kefir - 风扇策略",
	"label": "Kefir",
	"D36value": "51",
	"D40value": "51",
	"D47value": "51",
	"D50value": "89",
	"D54value": "153",
	"D58value": "255",
	"H33value": "38",
	"H36value": "51",
	"H43value": "51",
	"H47value": "51",
	"H50value": "89",
	"H54value": "128",
	"path": "switch/.packages/about/package/fan/out/E.ini"
  },
  {
    "name": "大气层 - 风扇策略",
	"label": "大气层",
	"D36value": "0",
	"D40value": "51",
	"D47value": "89",
	"D50value": "115",
	"D54value": "179",
	"D58value": "255",
	"H33value": "0",
	"H36value": "51",
	"H43value": "51",
	"H47value": "89",
	"H50value": "115",
	"H54value": "179",
	"path": "switch/.packages/about/package/fan/out/F.ini"
  }]