[
  {
    "name": "V1 - Erista",
    "value1": "[6396, 119440]",
	"value2": "[5817, 129580]",
	"value3": "[6182, 112480]",
	"value4": "[5464, 174190]"
  },
  {
    "name": "V2 - Mariko",
    "value1": "[7338, 112161]",
	"value2": "[6357, 168124]",
	"value3": "[6728, 129810]",
	"value4": "[5675, 203453]"
  },
  {
    "name": "Lite - Mariko",
    "value1": "[7338, 112161]",
	"value2": "[5594, 209601]",
	"value3": "[6728, 129810]",
	"value4": "[5235, 199759]"
  },
  {
    "name": "OLED - Mariko",
    "value1": "[8051, -45213]",
	"value2": "[7176, -33954]",
	"value3": "[7831, 57590]",
	"value4": "[9029, 4274]"
  },
  {
    "name": "未配置",
    "value5": "tskin_pcb_coefficients_console_on_fwdbg",
	"value6": "tskin_pcb_coefficients_handheld_on_fwdbg",
	"value7": "tskin_soc_coefficients_console_on_fwdbg",
	"value8": "tskin_soc_coefficients_handheld_on_fwdbg"
  }
]