{
  "name": "大乱斗 卡姆依 女",
  "write_counter": 0,
  "version": 0,
  "mii_charinfo_file": "mii-charinfo.bin",
  "first_write_date": {
    "y": 2023,
    "m": 6,
    "d": 27
  },
  "last_write_date": {
    "y": 2023,
    "m": 6,
    "d": 27
  },
  "id": {
    "game_character_id": 1313,
    "character_variant": 1,
    "figure_type": 0,
    "series": 0,
    "model_number": 867
  },
  "uuid": [
    202,
    28,
    123,
    183,
    141,
    171,
    73,
    0,
    0,
    0
  ]
}