{
  "name": "瓦豆鲁迪",
  "write_counter": 0,
  "version": 0,
  "mii_charinfo_file": "mii-charinfo.bin",
  "first_write_date": {
    "y": 2023,
    "m": 6,
    "d": 3
  },
  "last_write_date": {
    "y": 2023,
    "m": 6,
    "d": 3
  },
  "id": {
    "game_character_id": 799,
    "character_variant": 0,
    "figure_type": 0,
    "series": 12,
    "model_number": 599
  },
  "uuid": [
    85,
    187,
    36,
    63,
    254,
    232,
    11,
    0,
    0,
    0
  ]
}