{
  "name": "大乱斗 马力欧医生",
  "write_counter": 0,
  "version": 0,
  "mii_charinfo_file": "mii-charinfo.bin",
  "first_write_date": {
    "y": 2023,
    "m": 10,
    "d": 21
  },
  "last_write_date": {
    "y": 2023,
    "m": 10,
    "d": 21
  },
  "id": {
    "game_character_id": 0,
    "character_variant": 1,
    "figure_type": 0,
    "series": 0,
    "model_number": 25
  },
  "uuid": [
    77,
    153,
    177,
    13,
    218,
    12,
    113,
    0,
    0,
    0
  ]
}