{
  "name": "琪姬",
  "write_counter": 0,
  "version": 0,
  "mii_charinfo_file": "mii-charinfo.bin",
  "first_write_date": {
    "y": 2023,
    "m": 6,
    "d": 27
  },
  "last_write_date": {
    "y": 2023,
    "m": 6,
    "d": 27
  },
  "id": {
    "game_character_id": 2337,
    "character_variant": 0,
    "figure_type": 0,
    "series": 18,
    "model_number": 880
  },
  "uuid": [
    145,
    73,
    7,
    158,
    230,
    196,
    161,
    0,
    0,
    0
  ]
}