{
  "name": "大乱斗 贝雷特",
  "write_counter": 0,
  "version": 0,
  "mii_charinfo_file": "mii-charinfo.bin",
  "first_write_date": {
    "y": 2023,
    "m": 6,
    "d": 27
  },
  "last_write_date": {
    "y": 2023,
    "m": 6,
    "d": 27
  },
  "id": {
    "game_character_id": 2849,
    "character_variant": 0,
    "figure_type": 0,
    "series": 0,
    "model_number": 933
  },
  "uuid": [
    153,
    188,
    96,
    36,
    199,
    163,
    25,
    0,
    0,
    0
  ]
}