{
  "name": "瓦力欧",
  "write_counter": 0,
  "version": 0,
  "mii_charinfo_file": "mii-charinfo.bin",
  "first_write_date": {
    "y": 2023,
    "m": 10,
    "d": 23
  },
  "last_write_date": {
    "y": 2023,
    "m": 10,
    "d": 23
  },
  "id": {
    "game_character_id": 1792,
    "character_variant": 0,
    "figure_type": 0,
    "series": 1,
    "model_number": 611
  },
  "uuid": [
    225,
    147,
    244,
    237,
    180,
    210,
    169,
    0,
    0,
    0
  ]
}