{
  "name": "魅塔骑士",
  "write_counter": 0,
  "version": 0,
  "mii_charinfo_file": "mii-charinfo.bin",
  "first_write_date": {
    "y": 2023,
    "m": 6,
    "d": 3
  },
  "last_write_date": {
    "y": 2023,
    "m": 6,
    "d": 3
  },
  "id": {
    "game_character_id": 287,
    "character_variant": 0,
    "figure_type": 0,
    "series": 12,
    "model_number": 597
  },
  "uuid": [
    192,
    201,
    122,
    45,
    63,
    115,
    215,
    0,
    0,
    0
  ]
}