{
    "write_counter": 0,
    "first_write_date": {
        "d": 21,
        "y": 2025,
        "m": 7
    },
    "last_write_date": {
        "d": 21,
        "y": 2025,
        "m": 7
    },
    "name": "Manon",
    "use_random_uuid": true,
    "id": {
        "figure_type": 1,
        "series": 29,
        "game_character_id": 52276,
        "model_number": 1207,
        "character_variant": 0
    },
    "mii_charinfo_file": "mii-charinfo.bin",
    "uuid": [
        135,
        86,
        161,
        21,
        123,
        97,
        85,
        0,
        0,
        0
    ],
    "version": 0
}