{
  "name": "奇诺比奥",
  "write_counter": 0,
  "version": 0,
  "mii_charinfo_file": "mii-charinfo.bin",
  "first_write_date": {
    "y": 2023,
    "m": 10,
    "d": 22
  },
  "last_write_date": {
    "y": 2023,
    "m": 10,
    "d": 22
  },
  "id": {
    "game_character_id": 2560,
    "character_variant": 0,
    "figure_type": 0,
    "series": 1,
    "model_number": 56
  },
  "uuid": [
    86,
    66,
    55,
    191,
    39,
    162,
    193,
    0,
    0,
    0
  ]
}