{
  "name": "王国之泪 林克",
  "write_counter": 0,
  "version": 0,
  "mii_charinfo_file": "mii-charinfo.bin",
  "first_write_date": {
    "y": 2023,
    "m": 5,
    "d": 18
  },
  "last_write_date": {
    "y": 2023,
    "m": 5,
    "d": 18
  },
  "id": {
    "game_character_id": 1,
    "character_variant": 0,
    "figure_type": 0,
    "series": 9,
    "model_number": 1048
  },
  "uuid": [
    2,
    15,
    162,
    103,
    86,
    142,
    73,
    0,
    0,
    0
  ]
}