{
  "name": "大乱斗 卡通林克",
  "write_counter": 0,
  "version": 0,
  "mii_charinfo_file": "mii-charinfo.bin",
  "first_write_date": {
    "y": 2023,
    "m": 3,
    "d": 15
  },
  "last_write_date": {
    "y": 2023,
    "m": 3,
    "d": 15
  },
  "id": {
    "game_character_id": 1,
    "character_variant": 1,
    "figure_type": 0,
    "series": 0,
    "model_number": 22
  },
  "uuid": [
    123,
    251,
    183,
    164,
    205,
    222,
    198,
    0,
    0,
    0
  ]
}