{
  "name": "慢慢龟",
  "write_counter": 0,
  "version": 0,
  "mii_charinfo_file": "mii-charinfo.bin",
  "first_write_date": {
    "y": 2023,
    "m": 10,
    "d": 22
  },
  "last_write_date": {
    "y": 2023,
    "m": 10,
    "d": 22
  },
  "id": {
    "game_character_id": 8960,
    "character_variant": 0,
    "figure_type": 0,
    "series": 1,
    "model_number": 872
  },
  "uuid": [
    227,
    107,
    175,
    116,
    72,
    121,
    109,
    0,
    0,
    0
  ]
}