{
    "write_counter": 0,
    "first_write_date": {
        "d": 21,
        "y": 2025,
        "m": 7
    },
    "last_write_date": {
        "d": 21,
        "y": 2025,
        "m": 7
    },
    "name": "Ken",
    "use_random_uuid": true,
    "id": {
        "figure_type": 1,
        "series": 29,
        "game_character_id": 49460,
        "model_number": 1193,
        "character_variant": 0
    },
    "mii_charinfo_file": "mii-charinfo.bin",
    "uuid": [
        205,
        171,
        226,
        227,
        244,
        14,
        239,
        0,
        0,
        0
    ],
    "version": 0
}