{
  "name": "王国之泪 塞尔达",
  "write_counter": 0,
  "version": 0,
  "mii_charinfo_file": "mii-charinfo.bin",
  "first_write_date": {
    "y": 2023,
    "m": 11,
    "d": 7
  },
  "last_write_date": {
    "y": 2023,
    "m": 11,
    "d": 7
  },
  "id": {
    "game_character_id": 257,
    "character_variant": 0,
    "figure_type": 0,
    "series": 9,
    "model_number": 1049
  },
  "uuid": [
    6,
    28,
    186,
    84,
    132,
    85,
    153,
    0,
    0,
    0
  ]
}