{
  "name": "风之杖 林克",
  "write_counter": 0,
  "version": 0,
  "mii_charinfo_file": "mii-charinfo.bin",
  "first_write_date": {
    "y": 2023,
    "m": 3,
    "d": 15
  },
  "last_write_date": {
    "y": 2023,
    "m": 3,
    "d": 15
  },
  "id": {
    "game_character_id": 1,
    "character_variant": 1,
    "figure_type": 0,
    "series": 9,
    "model_number": 848
  },
  "uuid": [
    154,
    74,
    1,
    8,
    48,
    128,
    144,
    0,
    0,
    0
  ]
}