{
  "name": "大乱斗 卡姆依 男",
  "write_counter": 0,
  "version": 0,
  "mii_charinfo_file": "mii-charinfo.bin",
  "first_write_date": {
    "y": 2023,
    "m": 6,
    "d": 27
  },
  "last_write_date": {
    "y": 2023,
    "m": 6,
    "d": 27
  },
  "id": {
    "game_character_id": 1313,
    "character_variant": 0,
    "figure_type": 0,
    "series": 0,
    "model_number": 602
  },
  "uuid": [
    244,
    243,
    153,
    178,
    248,
    195,
    192,
    0,
    0,
    0
  ]
}