{
    "write_counter": 0,
    "first_write_date": {
        "d": 8,
        "y": 2023,
        "m": 11
    },
    "last_write_date": {
        "d": 8,
        "y": 2023,
        "m": 11
    },
    "name": "萨姆斯·阿兰",
    "use_random_uuid": false,
    "id": {
        "figure_type": 0,
        "series": 19,
        "game_character_id": 49157,
        "model_number": 869,
        "character_variant": 0
    },
    "mii_charinfo_file": "mii-charinfo.bin",
    "uuid": [
        144,
        136,
        163,
        121,
        168,
        160,
        44,
        0,
        0,
        0
    ],
    "version": 0
}