{
  "name": "毛线 波奇",
  "write_counter": 0,
  "version": 0,
  "mii_charinfo_file": "mii-charinfo.bin",
  "first_write_date": {
    "y": 2023,
    "m": 10,
    "d": 22
  },
  "last_write_date": {
    "y": 2023,
    "m": 10,
    "d": 22
  },
  "id": {
    "game_character_id": 32768,
    "character_variant": 1,
    "figure_type": 2,
    "series": 3,
    "model_number": 861
  },
  "uuid": [
    113,
    226,
    121,
    94,
    151,
    13,
    237,
    0,
    0,
    0
  ]
}