{
  "name": "Midna & Wolf Link",
  "write_counter": 0,
  "version": 0,
  "mii_charinfo_file": "mii-charinfo.bin",
  "first_write_date": {
    "y": 2022,
    "m": 7,
    "d": 30
  },
  "last_write_date": {
    "y": 2022,
    "m": 7,
    "d": 30
  },
  "id": {
    "game_character_id": 769,
    "character_variant": 0,
    "figure_type": 0,
    "series": 9,
    "model_number": 591
  },
  "uuid": [
    38,
    152,
    208,
    51,
    208,
    49,
    135,
    0,
    0,
    0
  ]
}