{
    "write_counter": 0,
    "first_write_date": {
        "d": 21,
        "y": 2025,
        "m": 7
    },
    "last_write_date": {
        "d": 21,
        "y": 2025,
        "m": 7
    },
    "name": "希多",
    "use_random_uuid": true,
    "id": {
        "figure_type": 0,
        "series": 9,
        "game_character_id": 2561,
        "model_number": 1188,
        "character_variant": 0
    },
    "mii_charinfo_file": "mii-charinfo.bin",
    "uuid": [
        231,
        2,
        56,
        67,
        186,
        155,
        34,
        0,
        0,
        0
    ],
    "version": 0
}