{
  "name": "大乱斗 少年林克",
  "write_counter": 0,
  "version": 0,
  "mii_charinfo_file": "mii-charinfo.bin",
  "first_write_date": {
    "y": 2022,
    "m": 7,
    "d": 30
  },
  "last_write_date": {
    "y": 2022,
    "m": 7,
    "d": 30
  },
  "id": {
    "game_character_id": 1,
    "character_variant": 0,
    "figure_type": 0,
    "series": 0,
    "model_number": 892
  },
  "uuid": [
    187,
    241,
    245,
    253,
    98,
    107,
    174,
    0,
    0,
    0
  ]
}