{
  "name": "光",
  "write_counter": 0,
  "version": 0,
  "mii_charinfo_file": "mii-charinfo.bin",
  "first_write_date": {
    "y": 2023,
    "m": 7,
    "d": 23
  },
  "last_write_date": {
    "y": 2023,
    "m": 7,
    "d": 23
  },
  "id": {
    "game_character_id": 16930,
    "character_variant": 0,
    "figure_type": 0,
    "series": 0,
    "model_number": 1055
  },
  "uuid": [
    8,
    4,
    92,
    202,
    156,
    143,
    59,
    0,
    0,
    0
  ]
}